prompt_id,scene_id,object_id,object_name,description,pair_id,is_valid,num_attributes_target,num_attributes_anchors,num_attribute_type_color,num_attribute_type_size,num_attribute_type.shape,num_attribute_type_number,num_attribute_type_material,num_attribute_type_texture,num_attribute_type_function,num_attribute_type_style,num_attribute_type_text_label,num_attribute_type_state,num_relationships_target,num_relationships_anchors,num_relationship_type_near,num_relationship_type_far,num_relationship_type_viewpoint_dependent,num_relationship_type_vertical,num_relationship_type_contain,num_relationship_type_arrangement,num_relationship_type_ordinal,num_relationship_type_comparison,num_coreferences,num_target_not_first_np,granularity,num_anchor_type_single,num_anchor_type_multiple,num_anchor_type_non_object,num_anchor_type_viewpoint,num_negation
cf49717d-a751-417e-be93-32fa6a4aa1e4,scene0012_00,27,door,Find the door to the right of the board.,,1,0,0,0,0,0,0,0,0,0,0,0,,1,0,0,0,1,0,,,,0,,0,fine-grained,1,0,,,
aec1e11f-43c6-4596-8f3a-161880201ef9,scene0012_00,26,box,"This is a cardboard box against the wall and right next to two doors. Of such boxes, it is the one not next to an armchair.",,1,0,0,0,0,0,1,1,0,0,0,0,,3,0,1,,0,0,,,,0,1,0,fine-grained,1,1,,,1
9914bb89-4346-489b-9c0b-65fb3815f06a,scene0012_00,3,armchair,The armchair has brown paper bags on it.,,1,0,1,1,0,0,0,0,0,0,0,0,,1,0,1,0,0,1,,,,0,1,0,fine-grained,1,0,,,
c5516743-ff56-416d-8f03-32e01e3f993e,scene0012_00,20,shelf,"As you come through the brown door, this is the shelf which is directly on your right.",,1,0,1,1,0,0,0,0,0,0,0,0,,1,0,0,0,1,0,,,,0,,1,fine-grained,1,0,,1,
bd9adff4-a968-4d14-877e-a7a1a867f22b,scene0012_00,21,object,On top of the shelf is a red and yellow object.,,1,0,2,1,0,0,0,0,0,0,0,0,,1,0,0,0,0,1,,,,0,,1,generic,1,0,,,
69a5d616-2a6e-470b-8636-a7c010b97e05,scene0035_00,1,bed,This is a bed with a blue mattress next to a brown nightstand.,1,1,1,2,1,0,0,0,0,0,0,0,0,,2,0,1,0,0,0,1,,,0,,0,fine-grained,1,0,,,
ebbbcde5-a9ef-4ab7-9be3-e9f997c3f914,scene0035_00,,bed,This is a bed with a brown mattress next to a blue nightstand.,1,1,1,2,1,0,0,0,0,0,0,0,0,,2,0,1,0,0,0,1,,,0,,0,fine-grained,1,0,,,
97981bfb-35c7-4fb0-b892-29b6e30dc623,scene0035_00,8,radiator,The radiator is on the wall and under the window.,2,1,0,0,0,0,0,0,0,0,0,0,0,,2,0,1,0,0,1,,,,0,,0,fine-grained,1,0,,,
952d44b0-4677-42f9-a896-32e0e548e2c3,scene0035_00,,radiator,The radiator is the one on the wall but not under the window.,2,1,0,0,0,0,0,0,0,0,0,0,0,,2,0,1,0,0,1,,,,0,,0,fine-grained,1,0,,,1
9d27355f-6a58-46c5-9c62-495bcc4bb0b6,scene0035_00,9,chair,Find the object with wheels.,,1,0,0,0,0,0,0,0,0,0,0,0,,1,0,0,0,0,0,1,,,0,,0,generic,0,0,,,
7a48bfb9-a53e-45bc-8b89-ad031e39eb4b,scene0035_00,5,dresser,This is the tallest wooden furniture in the room.,,1,1,0,0,1,0,0,1,0,0,0,0,,2,0,0,0,0,0,,,,1,,0,categorical,0,0,1,,
c5d63867-c229-4008-9a06-d1888b6f8ee3,scene0050_00,30,toolbox,This is the larger of the two toolboxes near the piano.,,1,1,1,0,1,0,1,0,0,0,0,0,,2,0,1,0,0,0,,,,1,,0,fine-grained,1,1,,,
6773de47-4731-4933-ba77-64612cbe4316,scene0050_00,0,toolbox,To the left of the piano is a red rectangular thing.,,1,2,0,1,0,1,0,0,0,0,0,0,,1,0,0,0,1,0,,,,0,,1,generic,1,0,,,
d15e427f-5ba2-4a84-8a41-579a1c856447,scene0050_00,"14,18",backpack,Identify the backpacks in the center of the room.,,1,0,0,0,0,0,0,0,0,0,0,0,,1,0,0,0,0,0,1,,,0,,0,fine-grained,0,,1,,
ddd8fe20-85a5-4968-b745-54c0c92f1feb,scene0050_00,17,roomba,This is the device used for cleaning the floor.,,1,1,0,0,0,0,0,0,0,1,0,0,,0,0,0,0,0,0,,,,0,,0,categorical,0,0,,,
3a267db7-0fa0-40c6-971a-cfac076b9afc,scene0050_00,18,backpack,"If you are sitting on the couch, this is the bag further to the right.",,1,0,0,0,0,0,0,0,0,0,0,0,,1,0,0,0,1,0,,,,1,,1,categorical,1,0,,1,
ab7b02a6-3ce1-4e72-a0bf-88c9b888b684,scene0050_00,,backpack,The backpack is in between two other backpacks.,,1,0,0,0,0,0,0,0,0,0,0,0,,1,0,0,0,0,0,,1,,0,,0,fine-grained,0,1,,,
59f529b2-c9c3-4252-a956-51062941afc6,scene0050_00,15,printer,The machine on the desk is used for putting ink on paper.,,1,1,0,0,0,0,0,0,0,1,0,0,,1,0,1,0,0,1,,,,0,,0,categorical,1,0,,,
ac326ef5-f859-4f9b-a9c2-7d534c869c79,scene0050_00,3,armchair,Find the cushy chair next to the desk.,,1,1,0,0,0,0,0,0,1,0,0,0,,1,0,1,0,0,0,,,,0,,0,fine-grained,1,0,,,
a0c87c00-7e09-4d09-9186-36c412d8c701,scene0050_00,9,door,There is a wall with two independent doors. The door of interest has a handle on the left side from inside the room.,,1,1,,0,0,0,1,0,0,0,0,0,,3,1,1,0,1,0,1,,,0,,1,fine-grained,1,1,1,,
3ea810e5-d7e6-4681-9105-3a0513f54a98,scene0084_00,27,sign,"Find the object labeled ""caution.""",,1,1,0,0,0,0,0,0,0,0,0,1,,0,0,0,0,0,0,,,,0,,0,generic,0,0,,,
82c6386f-cad1-4e36-b3b3-6b9aff266343,scene0084_00,10,trash can,The trash can is the one near the sink and directly under the hole in the counter.,3,1,0,0,0,0,0,0,0,0,0,0,0,,2,1,1,0,0,1,1,,,0,,0,fine-grained,1,0,,,
08d5fdc7-d769-4362-b391-d2f17d092b9b,scene0084_00,25,trash can,The trash can is the one near the sink but not directly under the hole in the counter.,3,1,0,0,0,0,0,0,0,0,0,0,0,,2,1,1,0,0,1,1,,,0,,0,fine-grained,1,0,,,1
6bc531c9-625a-42f0-a460-889746be172e,scene0084_00,26,trash can,This is the trash can in the bathroom. It is colored white.,,1,1,0,1,0,0,0,0,0,0,0,0,,1,0,0,0,0,0,1,,,0,1,0,fine-grained,1,0,1,,
54144272-9037-4418-a6f4-da86847cf726,scene0084_00,8,toilet paper,This is the unopened toilet paper roll that is not stacked with any other rolls.,,1,1,0,,,,,,,,,,1,1,0,0,0,0,1,,1,,0,,0,fine-grained,0,1,,,1
8067f10e-128c-4f8b-9d8a-a12072eab817,scene0084_00,3,spray can,This is the object on the counter behind the jacket and surrounded by toilet paper rolls on one side and the sink on the other.,,1,0,0,0,0,0,0,0,0,0,0,0,,3,0,1,0,0,0,,1,,0,,0,generic,0,1,,,
6980f1d3-7cb6-4ffd-b158-bbaf4d80a3e4,scene0084_00,34,rail,"When facing the radiator, the metal rail is directly on your left.",,1,1,0,0,0,0,0,1,0,0,0,0,,1,0,0,0,1,0,,,,0,,1,fine-grained,1,0,,1,
8a27344d-f62c-4cbe-8860-757600e368f9,scene0084_00,35,toilet paper,This is the small cylindrical object near the toilet.,,1,2,0,0,1,1,0,0,0,0,0,0,,1,0,1,0,0,0,,,,0,,0,generic,1,0,,,
be1851db-a9ca-497a-b169-025866aec528,scene0084_00,"5,6,8",toilet paper,To the left of the sink is a set of paper towel rolls.,,1,1,0,0,0,0,0,0,0,0,0,0,,1,0,0,0,1,0,,,,0,,1,fine-grained,0,1,,,
68a92172-7e12-4c00-86f7-ec4def10f834,scene0084_00,,handle,Find the handle of the door to leave the bathroom.,,1,0,0,0,0,0,0,0,0,1,0,0,,1,0,0,0,0,0,1,,,0,,0,fine-grained,0,0,,,
fb0d4c3a-1e6d-4080-8d7e-cc14dbe8e995,scene0084_00,19,soap dispenser,Please refill the industrial soap dispenser mounted on the wall.,,1,0,0,0,0,0,0,0,0,0,1,0,,1,0,1,0,0,0,,,,0,,0,fine-grained,1,0,,,
77c22153-89f6-4760-b4f9-d66dfe01f096,scene0084_00,26,trash can,This is the trash can farthest from the sink.,,1,0,0,0,0,0,0,0,0,0,0,0,,1,0,0,1,0,0,,,,1,,0,fine-grained,1,0,,,
4455c9d2-5190-4ccb-9b9b-ee698246dfa2,scene0086_00,19,sink,The sink is the one that sticks out farther than the other.,,1,1,0,0,1,0,0,0,0,0,0,0,,1,0,0,1,0,0,,,,1,,0,fine-grained,1,0,,,
355f0489-ae5d-4262-bcdb-94028d563701,scene0086_00,7,toilet,The toilet is the one in the smaller stall.,,1,0,0,0,1,0,0,0,0,0,0,0,,1,0,0,0,0,0,1,,,1,,0,fine-grained,0,0,1,,
718f4994-db30-4bb3-8676-01f2f2a62365,scene0086_00,20,sink,It is the sink on the right under the wall-mounted soap dispenser,4,1,0,0,0,0,0,0,0,0,0,0,0,,2,0,0,0,1,1,,,,0,,0,fine-grained,1,0,,1,
180dece3-453a-414a-8b12-e4ce90054a77,scene0086_00,,sink,It is the sink on the left under the wall-mounted soap dispenser.,4,1,0,0,0,0,0,0,0,0,0,0,0,,2,0,0,0,1,1,,,,0,,0,fine-grained,1,0,,1,
71f9b465-09d5-45af-a520-9aefc5283243,scene0086_00,13,trash can,The object of interest is next to the paper towel dispenser but not above it. It is used for holding used paper towels.,,1,1,0,0,0,0,0,0,0,1,0,0,,2,0,1,0,0,1,1,,,0,1,0,generic,1,,,,1
ff19109e-24ac-4cba-b5c9-38242c861551,scene0086_00,15,rail,"The long, metal rail is in between the toilet paper dispenser and trash can.",,1,2,0,0,1,0,0,1,0,0,0,0,,1,0,0,0,0,0,,1,,0,,0,fine-grained,0,1,,,
7d6d6c02-6140-4dd2-b818-97f5aa1e63dd,scene0088_00,23,chair,The chair resides at the end of the table closest to the trash can.,,1,0,0,0,0,0,0,0,0,0,0,0,,2,1,1,0,0,0,1,,,1,,0,fine-grained,1,0,,,
82104c89-0d47-465d-9642-264a0b54df70,scene0088_00,6,chair,"Facing the standalone whiteboard, grab the closest chair right behind you.",,1,0,1,0,0,0,0,0,0,0,0,0,,1,0,1,0,1,0,,,,1,,1,fine-grained,1,0,,1,
9c1edc05-e8bb-40dc-ac84-3f41c5fd24d1,scene0088_00,2,chair,"From the door, this is the middle chair on the closest long side of the table in the center of the room.",,1,0,1,0,1,0,0,0,0,0,0,0,,3,1,1,0,0,0,1,,1,1,,1,fine-grained,1,1,1,,
36088e82-52d4-4515-b059-10bc4800593f,scene0088_00,10,chair,"This is the chair at one end of the table, farthest from the standalone whiteboard. If there are multiple chairs near the end, it is the one closest to the table.",,1,0,0,0,0,0,0,0,0,0,0,0,,3,0,1,1,0,0,,,,1,1,0,fine-grained,1,1,,,
cac3e545-80c3-4ad2-a5ae-c55cd9db7594,scene0088_00,3,chair,"From the door, this is the third chair from the left on the closest long side of the table in the center of the room.",,1,0,1,0,1,0,0,0,0,0,0,0,,3,1,1,0,1,0,1,,1,1,,1,fine-grained,1,1,1,,
349e15ee-926f-41e9-bd1d-a7874527ce0e,scene0095_00,2,monitor,"From the perspective of the whiteboards, this is the fourth display facing us from the right.",,1,0,0,0,0,0,0,0,0,0,0,0,,1,0,0,0,1,0,,,1,0,,1,categorical,0,1,,,
8d6ea906-9d94-4c1b-af56-594565c6c8e5,scene0095_00,40,whiteboard,This is the rectangular whiteboard. It is left of the other one.,,1,1,0,0,0,1,0,0,0,0,0,0,,1,0,0,0,1,0,,,,0,1,0,fine-grained,1,0,,,
6d5f8d09-fbf7-4301-ac3a-35471df63598,scene0095_00,21,projector,"On the brown, wooden table is a small, rectangular projector.",5,1,2,2,1,1,1,0,1,0,0,0,0,,1,0,1,0,0,1,,,,0,,1,fine-grained,1,0,,,
5b92c25b-66d9-487f-9915-f32ead9cf18e,scene0095_00,,projector,"On the small, rectangular table is a brown, wooden projector.",5,1,2,2,1,1,1,0,1,0,0,0,0,,1,0,1,0,0,1,,,,0,,1,fine-grained,1,0,,,
ca0789af-8bd9-40a4-85d6-244b42fe4686,scene0095_00,19,monitor,"This is the Apple monitor on the table at the end not near the door. If you face the table, it is the one on the left.",,1,1,0,0,0,0,0,0,0,0,0,,,4,0,1,,0,1,,,,0,1,0,fine-grained,1,0,,1,1
963a9c98-dfaa-4b49-aa2e-e6cadd4b9181,scene0095_00,55,radiator,"Opposite the room from the left whiteboard, there is a device for heating the room.",,1,1,0,0,0,0,0,0,0,1,0,0,,2,0,0,1,1,0,,,,0,,1,categorical,0,0,1,,
f8f973ac-59c0-4991-a2b1-72e51e0343b2,scene0131_00,6,office chair,Find the cluster of three chairs in the far corner. Pick the one which is brown and facing the corner of the desk.,,1,1,1,1,0,0,1,0,0,0,0,0,,3,2,0,1,1,0,1,1,,0,,1,fine-grained,0,1,,1,
121d63ef-8189-429a-99a8-46e2b039d882,scene0131_00,9,office chair,The chair is in between the shelf and a monitor and is the closest one to the large painting of a white building.,,1,0,2,1,1,0,0,0,0,0,0,0,,2,1,1,0,0,0,1,1,,1,,0,fine-grained,0,1,,,
fdbb0c9c-0ae1-4bad-a84d-a711b2b6590b,scene0131_00,22,keyboard,This pile of keyboards is above a set of sleek office drawers.,,1,0,1,0,0,0,0,0,1,0,1,0,,2,1,0,0,0,1,,1,,0,,0,fine-grained,0,1,,,
2bfedcac-dbf3-4340-a19b-b140881e2291,scene0131_00,39,mini fridge,"Find the food storage which does not have a green, rectangular object on top.",,1,0,2,1,0,1,0,0,0,1,0,0,,1,0,1,0,0,1,,,,0,,0,categorical,1,0,,,1
554541ca-6c6a-4fe1-83f7-f1405d808b30,scene0131_00,,plate,This circular object is supported by a white mini fridge.,6,1,1,1,1,0,1,0,0,0,0,0,0,,1,0,1,0,0,1,,,,0,,0,generic,1,0,,,
e152c7c4-b013-4a34-b9b3-5c6f3f42dac4,scene0131_00,40,plate,This circular object is supported by a black mini fridge.,6,1,1,1,1,0,1,0,0,0,0,0,0,,1,0,1,0,0,1,,,,0,,0,generic,1,0,,,
7997234f-37b6-453f-abdd-1b22ab7ec230,scene0139_00,3,dryer sheets,"This is the orange object labeled ""bounce"" on one of the washing machines.",,1,2,1,1,0,0,1,0,0,0,0,1,,1,0,1,0,0,1,,,,0,,0,generic,1,0,,,
373e0acb-f476-4911-ae7b-07a13b465fe9,scene0139_00,26,washing machine,"This is the machine with the words ""wash"" on the front. It is the one not stacked with another machine and left of the two remaining candidate machines.",,1,1,0,0,0,0,1,0,0,0,0,1,,2,0,1,0,1,1,,1,,0,1,0,categorical,1,1,,,1
138ee818-cadb-4556-a4d0-8ca059c25562,scene0139_00,2,laundry detergent,The orange container is used to hold soap for cleaning clothes.,,1,2,0,1,0,0,0,0,0,1,0,0,,0,0,0,0,0,0,,,,0,,0,categorical,0,0,,,
d437e291-5e90-4615-b9ff-2783bbcfef8b,scene0139_00,2,laundry detergent,This is the orange plastic container on top of the washing machine.,,1,2,0,1,0,0,0,1,0,0,0,0,,1,0,1,0,0,1,,,,0,,0,categorical,1,0,,,
73ee7a8b-f780-47ab-a54e-6705c23ff431,scene0139_00,3,dryer sheets,This is the orange cardboard container on top of the washing machine.,,1,2,0,1,0,0,0,1,0,0,0,0,,1,0,1,0,0,1,,,,0,,0,categorical,1,0,,,
367e4f81-0236-4d9e-91cf-014aea8d0075,scene0139_00,1,washing machine,There is a row of washing machines in the room. It is the one farthest from the sink.,,1,0,0,0,0,0,0,0,0,0,0,0,,1,1,0,1,0,0,,1,,1,1,1,fine-grained,0,1,1,,
01f6bc59-814b-4832-8092-fe18c5340b79,scene0139_00,4,box,The box is under the table.,7,1,0,0,0,0,0,0,0,0,0,0,0,,1,0,0,0,0,1,,,,0,,0,fine-grained,1,0,,,
aacf3459-a20d-478a-9baa-c68c2fc908ff,scene0139_00,,table,The table is under the box.,7,1,0,0,0,0,0,0,0,0,0,0,0,,1,0,0,0,0,1,,,,0,,0,fine-grained,1,0,,,
af192fb6-e1a2-493e-9f38-afe4661626e1,scene0144_00,21,armchair,This is the soft chair in the room.,8,1,1,0,0,0,0,0,0,1,0,0,0,,1,0,0,0,0,0,1,,,0,,0,fine-grained,0,0,1,,
96c676ff-412a-46e9-ab4e-a2b0577dfbfc,scene0144_00,"3,4",chair,These are the hard chairs in the room.,8,1,1,0,0,0,0,0,0,1,0,0,0,,1,0,0,0,0,0,1,,,0,,0,fine-grained,0,0,1,,
7866a3c8-5740-41cd-b32f-632cee691491,scene0144_00,3,chair,At the desk is a chair on the left.,,1,0,0,0,0,0,0,0,0,0,0,0,,2,0,1,0,1,0,,,,0,,1,fine-grained,1,0,,,
4cb761f6-df64-4e6e-9542-14c00acfda6d,scene0144_00,19,closet door,Find the door that you would need to open to access clothes.,,1,1,0,0,0,0,0,0,0,1,0,0,,0,0,0,0,0,0,,,,0,,0,fine-grained,0,,,,
6b89e25c-4d1f-47dd-9345-3677e62f2aad,scene0144_00,16,printer,"If a person were lying down on the bed, this would be the device at their feet on the flat tabular surface.",,1,0,2,0,0,0,0,0,0,0,0,0,,2,0,1,0,1,1,,,,0,1,1,categorical,1,0,,1,
40c830b8-fc4f-4a62-b7ec-6b8c5be032fe,scene0144_00,4,chair,The white plastic chair is the one not directly in front of the laptop.,,1,2,0,1,0,0,0,1,0,0,0,0,,1,0,0,0,1,0,,,,0,,0,fine-grained,1,0,,,1
c275e56e-6cd9-4a7d-9be3-4ec3f65aa5a6,scene0144_00,18,dresser,This is the longer dresser next to another nightstand covered in a blanket.,,1,1,0,0,1,0,0,0,0,0,0,0,,2,1,1,0,0,0,,,,1,,0,fine-grained,1,0,,,
30e8f0c9-187a-43ad-a8da-f88667328269,scene0149_00,7,stove,"The appliance is in between two sections of the counter, and near by the fridge.",,1,0,1,0,0,0,1,0,0,0,0,0,,2,0,1,0,0,0,,1,,0,,0,categorical,1,1,,,
19595026-3e8b-4136-a4a5-cb8897e904fb,scene0149_00,13,microwave,Look for the appliance in between two sections of the counter and near the fridge. The microwave of interest is right above it.,,1,0,0,0,0,0,1,0,0,0,0,0,,2,0,1,0,0,1,,1,,0,1,1,fine-grained,1,1,,,
838bbc2a-a80b-4797-a2a6-ef1fb98d2569,scene0149_00,1,refrigerator,"Find the large, rectangular object with magnets on the front.",,1,2,0,0,1,1,0,0,0,0,0,0,,1,0,1,0,1,0,1,,,0,,0,generic,0,1,,,
be484cdb-cfe7-4925-9001-4a404e1836f3,scene0149_00,10,kitchen cabinet,Underneath the sink is a cabinet for storing cleaning supplies.,,1,1,0,0,0,0,0,0,0,1,0,0,,1,0,0,0,0,1,,,,0,,1,fine-grained,1,0,,,
d242fe07-e5b4-4023-98d7-43ebc4a1e830,scene0149_00,24,paper towel roll,This is the paper towel roll not on the kitchen table.,,1,0,0,0,0,0,0,0,0,0,0,0,,1,0,1,0,0,1,,,,0,,0,fine-grained,1,0,,,1
7510430d-ca65-458d-9be6-2b931f8e9513,scene0149_00,14,trash can,In between the counter and table is a black trash can in the corner.,,1,1,0,1,0,0,0,0,0,0,0,0,,2,0,0,0,0,0,1,1,,0,,1,fine-grained,0,1,1,,
69271358-1519-4b8b-b191-b88a37ff8cea,scene0149_00,30,bag,A white bag is in front of a black trash can on the floor.,9,1,1,1,1,0,0,0,0,0,0,0,0,,1,1,1,0,1,1,,,,0,,0,fine-grained,1,0,,,
e1bc6bea-cbe9-4c5f-858a-a5c0f1180fc3,scene0149_00,,bag,A black bag is in front of a white trash can on the floor.,9,1,1,1,1,0,0,0,0,0,0,0,0,,1,1,1,0,1,1,,,,0,,0,fine-grained,1,0,,,
f8b3088f-2a00-48e6-8f0f-f5b98c534bc4,scene0149_00,,bag,A white bag is behind a black trash can on the floor.,9,1,1,1,1,0,0,0,0,0,0,0,0,,1,1,1,0,1,1,,,,0,,0,fine-grained,1,0,,,
da4baf51-7641-49c2-80dc-423ddb518da7,scene0149_00,1,refrigerator,Locate the tallest appliance in the kitchen.,,1,1,0,0,1,0,0,0,0,0,0,0,,1,0,0,0,0,0,1,,,1,,0,categorical,0,1,1,,
e0da99c0-470d-413f-b0c1-7493dfa58585,scene0164_00,19,dishwasher,This is a white appliance for washing dishes automatically.,,1,2,0,1,0,0,0,0,0,1,0,0,,0,0,0,0,0,0,,,,0,,0,categorical,0,0,,,
9ae77ae5-c157-4711-a2be-0224362b3305,scene0164_00,5,carton,"On the counter is an object labeled, ""broth.""",,1,1,0,0,0,0,0,0,0,0,0,1,,1,0,1,0,0,1,,,,0,,1,generic,1,0,,,
a3f1c2e4-3dd2-4ad3-b88b-6b5454907a4a,scene0164_00,5,carton,"To the right of the fridge is a small, rectangular object.",,1,2,0,0,1,1,0,0,0,0,0,0,,1,0,0,0,1,0,,,,0,,1,generic,0,0,,,
69a0479f-e191-4227-a8bd-c1644dd41559,scene0164_00,11,kitchen cabinet,"Starting from the right of the fridge, this is the second cabinet above the counter.",,1,0,0,0,0,0,1,0,0,0,0,0,,2,1,0,0,1,1,,,1,0,,1,fine-grained,1,1,,,
3f9a782a-6c90-4903-99ee-bd77aee1d204,scene0164_00,14,kitchen cabinet,"Starting from the right of the fridge, this is the closed cabinet above the counter. It is not the middle one.",,1,1,0,0,0,0,1,0,0,0,0,0,,2,1,0,0,1,1,,,1,0,1,1,fine-grained,1,1,,,1
f3046ffe-dcd2-4ee1-b645-9fe300d1af1a,scene0164_00,41,box,Find the coca-cola box on the counter.,,1,1,0,0,0,0,0,0,0,0,0,,,1,0,1,0,0,1,,,,0,,0,fine-grained,1,0,,,
5172433a-8c72-4d38-a86c-dcc4cb235f79,scene0164_00,24,box,Find the box of Samuel Adams beers in the kitchen.,,1,2,0,0,0,0,0,0,0,0,0,1,,1,0,0,0,0,0,1,,,0,,0,fine-grained,0,1,1,,
a74af323-c3e2-41b4-8c75-6985807d51ae,scene0164_00,24,box,Grab the box on the counter that appears taller than the rest.,,1,1,0,0,1,0,0,0,0,0,0,0,,2,0,1,0,0,1,,,,1,,0,fine-grained,0,1,,,
d3732437-0b05-4195-b54c-30740f314a4e,scene0164_00,13,kitchen cabinet,This is the wooden cabinet in between the dishwasher and oven.,,1,1,0,0,0,0,0,1,0,0,0,0,,1,0,0,0,0,0,,1,,0,,0,fine-grained,0,1,,,
b6453470-1668-4b6d-aeba-637d8b3f6432,scene0164_00,43,microwave,The appliance is the only rectangular one which is completely black.,,1,2,0,1,0,1,0,0,0,0,0,0,,0,0,0,0,0,0,,,,1,,0,categorical,0,,,,
5932abbf-62ce-4970-a5f7-ee7270e04873,scene0164_00,30,backpack,There is a black bag in the scene which is not partially in the kitchen.,,1,1,0,1,0,0,0,0,0,0,0,0,,2,0,0,0,0,0,1,,,0,,0,categorical,1,0,1,,1
abe700be-339e-4f6b-bf98-bdc6a3380c1b,scene0169_00,32,chair,"Facing away from the whiteboard and ignoring the swivel chair, this is the fourth chair from the left along the wall.",,1,0,1,0,0,0,1,0,0,1,0,0,,2,0,1,0,1,0,,,1,0,,1,fine-grained,1,1,,1,
98d8ea6b-157a-4567-a5c3-6ecd1e7c9262,scene0169_00,35,chair,This seat is directly to the left of the red chair in the conference room.,,1,0,1,1,0,0,0,0,0,0,0,0,,1,1,0,0,1,0,1,,,0,,0,categorical,1,0,1,,
764d1e56-3570-4d96-bdd6-137421cbd4a6,scene0169_00,39,chair,This is the chair with four wheels somewhat near the corner opposite from that with the blue-and-yellow picture.,,1,1,2,1,0,0,1,0,0,0,0,0,,2,1,1,1,0,0,1,,,0,1,0,fine-grained,1,0,1,,
dd2f2197-82eb-4789-ada4-43094ce7aa64,scene0169_00,,chair,This is the comfortable white chair directly to the left of the red chair.,,1,1,1,1,0,0,0,0,1,0,0,0,,1,0,0,0,1,0,,,,0,,0,fine-grained,1,0,,,
5648becc-1979-4a2d-8394-b05a0bcb62a0,scene0169_00,12,cabinet,Next to two rolling chairs with 5 wheels is a cabinet.,,1,0,3,0,0,0,1,0,0,1,0,0,,1,1,1,0,0,0,1,,,0,,1,fine-grained,0,1,,,
5d869e85-492d-4dd8-a6a6-c5984b7254d0,scene0169_00,26,cabinet,This is the lengthwise shorter of the two storage units in the room.,,1,1,1,0,1,0,1,0,0,0,0,0,,2,0,0,0,0,0,1,,,1,,0,categorical,0,1,1,,
63dbaefd-041e-4f7b-8b5c-640b7568ff37,scene0169_00,4,chair,There is a row of black rolling chairs along the wall. Pick the one furthest to the left when facing them.,,1,1,1,1,0,0,0,0,0,1,0,0,,3,0,1,0,0,0,,1,,1,1,1,fine-grained,0,1,,1,
2721d802-6f64-4bba-8f48-8358188c0f92,scene0169_00,36,backpack,There are two prominently red objects in the room. This is the one farthest from the wall.,10,1,1,2,1,0,0,1,0,0,0,0,0,,2,0,0,1,0,0,1,,,1,1,1,generic,0,1,1,,
7be7f627-2eb3-4673-af9b-f5b97deb7266,scene0169_00,36,backpack,There are two prominently red objects in the room. This is the one not next to the wall.,10,1,1,2,1,0,0,1,0,0,0,0,0,,2,0,1,,,,1,,,,1,1,generic,,1,1,,1
4eb15fda-31b7-4922-abdb-f61d7869e8bb,scene0169_00,,table,In the center of the room is a hexagonal conference table for meetings.,11,1,2,0,,,1,,,,1,,,,1,0,,,,,1,,,,,1,fine-grained,,,1,,
0f327ee8-9d72-4e5b-afe4-0357930a5a7f,scene0169_00,10,table,In the center of the room is a rectangular conference table for meetings.,11,1,2,0,,,1,,,,1,,,,1,0,,,,,1,,,,,1,fine-grained,,,1,,
090e6bd9-510d-4a9a-bf83-91957667f863,scene0169_00,10,table,In the center of the room is a wooden conference table for meetings.,12,1,2,0,,,,,1,,1,,,,1,0,,,,,1,,,,,1,fine-grained,,,1,,
c58de479-a982-4c82-8894-6a1a7ffda0db,scene0169_00,,table,In the center of the room is a metal-top conference table for meetings.,12,1,2,0,,,,,1,,1,,,,1,0,,,,,1,,,,,1,fine-grained,,,1,,
eeaf9a05-9051-44ba-9b77-f880b484a14a,scene0187_00,15,seat,Find the minimalistic seat not next to a table.,,1,1,0,,,,,,,,1,,,1,0,1,,,,,,,,,,fine-grained,1,,,,1
75118f90-60e2-44af-997d-87e5f1d2bf34,scene0187_00,9,coffee table,This is the square table not far from the minimalistic seat. It is across the room from the green object.,,1,1,2,1,,1,,,,,1,,,2,0,,1,,,,,,,1,,fine-grained,1,,1,,1
abb22583-d45e-4843-9a7a-a3561e74438b,scene0187_00,"5,15",seat,These are the modern chairs that don't have a backrest.,,1,1,0,,,,,,,,1,,,1,0,,,,,1,,,,,,fine-grained,1,,,,1
218c2749-df96-475d-b97e-a7766a521e77,scene0187_00,"5,15",seat,Look for the smallest chairs in the room.,,1,1,0,,1,,,,,,,,,2,0,,,,,1,,,1,,,fine-grained,,,1,,
e0efc50a-2237-4a46-9967-7f20e3a7be7e,scene0187_00,"5,15",seat,Find the circular objects.,,1,1,0,,,1,,,,,,,,0,0,,,,,,,,,,,generic,,,,,
4d0f6730-b256-405b-91f0-718b012c9175,scene0187_00,1,chair,"Looking at the wall, this is the second chair from the left. We are not counting the orange chair here.",13,1,0,1,1,,,,,,,,,,1,1,,,1,,,,1,,,1,fine-grained,,1,1,1,1
f2cac067-d311-4959-bbbb-bed2af82dbf4,scene0187_00,0,chair,"Looking at the wall, this is the second chair from the right.",13,1,0,0,,,,,,,,,,,1,1,,,1,,,,1,,,1,fine-grained,,1,1,1,
da09cc23-0cc6-4551-911f-4721a11984c8,scene0187_00,7,table,Look for the two dark-colored office chairs. The table of interest is right over them.,,1,0,2,1,,,1,,,,,,,1,0,,,,1,,,,,1,1,fine-grained,,1,,,
2bb5f69f-5be7-473a-a0b0-ac7a0f556a3a,scene0193_00,8,desk,"Not including the floor, there are three objects in the room that you could reasonably sit on. Pick the one that would feel the hardest.",,1,3,0,,,,1,,1,1,,,,2,0,,,,,1,,,1,1,1,generic,1,1,,1,1
f5274b23-6e3c-4d3c-849a-973c23652a02,scene0193_00,8,desk,This is the desk with the closed drawers.,14,1,0,1,,,,1,,1,1,,,1,1,0,,,,,1,,,1,1,1,fine-grained,,1,,,
708f2c3e-c1eb-46c8-b35f-70e107fa4c40,scene0193_00,,desk,This is the desk with the open drawers.,14,1,0,1,,,,,,,,,,1,1,0,,,,,1,,,,,,fine-grained,,1,,,
6102d421-f3b6-4e1b-b5bf-558c8fe0649d,scene0193_00,7,bed,Find a rectangular object that you would normally sleep on at night.,15,1,2,0,,,1,,,,1,,,,0,0,,,,,,,,,,,generic,,,,,
ee761aea-b560-40ae-b93a-27269d1d0ae2,scene0193_00,,bed,Find a circular object that you would normally sleep on at night.,15,1,2,0,,,1,,,,1,,,,0,0,,,,,,,,,,,generic,,,,,
c1dbb068-0dd9-4f46-8a35-3d1f99d70a95,scene0193_00,"7,8",furniture,This is the wooden furniture in the room.,16,1,1,0,,,,,1,,,,,,1,0,,,,,1,,,,,,categorical,,,1,,
1fc0e3d3-f139-44a9-b151-94b559614ee2,scene0193_00,5,office chair,Within the room is the furniture that is not made of wood.,16,1,1,0,,,,,1,,,,,,1,0,,,,,1,,,,,1,categorical,,,1,,1
1edaf89e-d28e-4f51-a6a5-58603e51d12e,scene0193_00,3,curtains,Look for the velvet object blocking the light.,,1,2,0,,,,,,1,1,,,,0,0,,,,,,,,,,,generic,,,,,
2ad80383-56a2-4beb-b5e9-1561669db948,scene0193_00,5,office chair,This is the soft thing that you can sit on. It is the smaller of the two soft things.,,1,4,0,,1,,,,1,1,,,,1,0,,,,,,,,1,1,,generic,1,,,,
4772e2f8-59e9-4d82-b72d-2c4092d61db1,scene0196_00,"8,9,10,14,15,29",chair,"Next to the table closest to the entrance, find all of the unfolded chairs.",,1,1,0,,,,,,,,,,1,1,1,1,,,,,,,1,,1,fine-grained,1,1,1,,
e276ae71-4613-4bd5-9ee6-45ad68b6f417,scene0196_00,27,folded chair,Find the folded chair closest to the door.,,1,1,0,,,,,,,,,,1,1,0,1,,,,,,,1,,,fine-grained,1,,,,
a05b8eb0-9e62-4a02-a25d-a3fb6aac5a1c,scene0196_00,28,folded chair,In between two other chairs is a folded chair.,,1,1,1,,,,1,,,,,,1,1,0,,,,,,1,,,,1,fine-grained,,1,,,
e7a57835-5a8e-44a7-85bc-cb50de6efc32,scene0196_00,4,table,The table is the largest one far from the door.,,1,1,0,,1,,,,,,,,,1,0,,1,,,,,,,1,,fine-grained,1,,,,
e1956772-024c-43cd-8286-9e5acb7c3195,scene0196_00,2,table,"This is the smaller of the tables in the room, in between two others. It is across the room from the row of folded chairs.",,1,1,2,,1,,1,,,,,,1,4,1,,1,,,1,1,,1,1,,fine-grained,,1,1,,
ad59fc9e-a8bd-4576-b390-3848da7f2a43,scene0196_00,9,chair,"As you enter through the door, look for the closest three identical objects, arranged in a row, that you can sit on. This is the third one from the left.",,1,1,1,,,,1,,,1,1,,,3,1,1,,1,,,1,1,1,1,1,fine-grained,1,1,,1,
8a7f6da4-7943-43a9-b82b-ee32c6b0fc1c,scene0196_00,28,folded chair,Seek the middle folded chair.,,1,1,0,,,,,,,,,,1,1,0,,,,,,,1,,,,fine-grained,,1,,,
04e81927-8c58-4b6b-9817-7f6594620078,scene0203_00,3,couch,"This is the quaint, patterned couch with brightly colored pillows on top. It is adjacent to a stack of blankets.",,1,2,1,1,,,,,1,,1,,,2,1,1,,,1,,1,,,1,,fine-grained,,1,,,
c7b45978-d297-416e-8122-d171473b01fc,scene0203_00,2,couch,Where is the couch that is farthest from the largest bookshelf?,,1,0,1,,1,,,,,,,,,1,1,,1,,,,,,1,,,fine-grained,1,1,,,
7b79b8a3-9234-4812-9abf-d179bf1d9139,scene0203_00,21,bag,"This is the object labeled ""legion."" It is on a shelf.",,1,1,0,,,,,,,,,1,,1,0,1,,,1,,,,,1,,generic,1,,,,
82924a84-3311-4f23-aabb-6e8ccdd26303,scene0203_00,5,shelf,"The board game, ""Codenames,"" is on this thing.",,1,0,1,,,,,,,,,1,,1,0,1,,,1,,,,,,1,generic,1,,,,
5f5c5f75-bf77-4ec6-a404-409d9c61517c,scene0203_00,23,bag,In the room is a medium-size paper bag.,,1,2,0,,1,,,1,,,,,,1,0,,,,,1,,,,,1,fine-grained,,,1,,
bfc781e5-e461-4c75-9212-56f4598b3e57,scene0203_00,21,bag,This is the bag not on the rug. It is made of a firm cloth material.,,1,2,0,,,,,1,1,,,,,1,0,1,,,1,,,,,1,,fine-grained,1,,,,1
8e4ea21a-f150-425b-be1f-b829433b56a4,scene0203_00,41,table,"This is a small, circular object on which you could place other objects. There are no couches facing it.",,1,3,0,,1,1,,,,1,,,,1,0,,,1,,,,,,1,,generic,,1,,,1
2f3c42d4-d5b6-4dce-9fab-a3c5f5ef6d67,scene0203_00,4,coffee table,This modern-looking object is in the center of the room. It is rectangular and has on top a book with a picture of a ship on the cover.,,1,2,1,,,1,,,,,1,,,2,0,1,,,1,1,,,,1,,generic,1,,1,,
dfdae4c0-c105-4b4c-bc71-8d8b1d4c39fd,scene0203_00,17,pillow,In the corner of the room is a pile of 3 bedding items. Pick the middle one in the stack.,,1,1,0,,,,1,,,,,,,3,0,,,,,1,1,1,,1,1,categorical,,1,1,,
766e54a9-6a07-4c02-be2a-12291abad88f,scene0203_00,30,shoes,This is a pair of shoes not on the shoe rack. They are lying on their side.,,1,2,0,,,,1,,,,,,1,1,0,1,,,1,,,,,1,,fine-grained,1,,,,1
9b2bdd84-c6fa-40bf-8543-cde6285b1b68,scene0203_00,,tissue box,"This tissue box is on a shelf. It has the name, ""Shakespeare,"" on it.",,1,1,0,,,,,,,,,1,,1,0,1,,,1,,,,,1,,fine-grained,1,,,,
1ab3a8be-b7ad-42f7-8705-91bb2f11b770,scene0203_00,40,box,This is an open plastic box on the floor.,,1,2,0,,,,,1,,,,,1,1,0,1,,,1,,,,,,,fine-grained,1,,,,
da5eb63a-7f87-4fa2-8564-78ac8d527dab,scene0203_00,7,shelf,This shelf is the smallest in the room. It has a wooden texture.,,1,2,0,,1,,,,1,,,,,2,0,,,,,1,,,1,1,,fine-grained,,1,1,,
46dd391e-ba59-475b-97d8-8640c22a41b0,scene0203_00,42,shelf,The large wooden structure is the farthest such one from the door.,,1,2,0,,1,,,1,,,,,,1,0,,1,,,,,,1,,,categorical,1,1,,,
7122c6d5-ee17-45aa-994d-06aae4385960,scene0207_00,41,stool,"This is the second stool from the left near the bar, if facing the kitchen from the couch area.",,1,0,0,,,,,,,,,,,2,1,1,,1,,,,1,,,,fine-grained,1,1,1,1,
f570f8cc-d6ea-4fc9-85fe-af70c6a200d9,scene0207_00,57,sink,The sink is the one far from the stove.,,1,0,0,,,,,,,,,,,1,0,,1,,,,,,,,,fine-grained,1,,,,
e59ce57e-c0d1-46ed-9377-2bb7d747fda9,scene0207_00,60,cabinet,"This is a sleek, white thing used to store medicines and objects for hygiene. It is not in the kitchen and can be found ajar.",,1,4,0,1,,,,,,1,1,,1,1,0,,,,,1,,,,1,,generic,,,1,,1
f84e48a8-5b9e-438f-96e4-c1c5dbfef720,scene0207_00,32,laundry basket,This plastic container has an oval-shaped rim and holes all around it. It is typically used to hold clothes for washing.,,1,4,0,,,1,,1,1,1,,,,0,0,,,,,,,,,1,,categorical,,,,,
b115df91-605b-42b2-b36d-2ebf0f242c4b,scene0207_00,12,window,"This is the first window on the left, far from the kitchen.",,1,0,0,,,,,,,,,,,2,1,,1,1,,,,1,,,,fine-grained,,1,1,1,
972c1fe7-e209-4fa0-bf9e-8cdf73a40c77,scene0207_00,11,chair,There are three one-person chairs in the office-bedroom area. This is the one that looks the most different from the rest.,,1,3,0,,,,1,,,1,1,,,2,0,,,,,1,,,1,1,,fine-grained,,1,1,,
deeff152-0220-4ad3-9cf1-1afd36e49597,scene0207_00,27,bowl,"This is the wooden bowl next to the bottle labeled ""kikkoman"".",,1,1,1,,,,,1,,,,1,,1,0,1,,,,,,,,,,fine-grained,1,,,,
e79bb3f9-673d-4550-9a31-62f7e3e60ffb,scene0207_00,28,printer,Look for the device on the far side of the desk from the paper towel roll.,,1,0,0,,,,,,,,,,,1,1,,1,,,1,,,,,,categorical,1,,,,
0cbbf15a-1203-450c-9321-b739b3e59410,scene0207_00,"1,7","couch,bed",Show me comfy places where one might usually take a nap.,,1,2,0,,,,,,1,1,,,,0,0,,,,,,,,,,,generic,,,,,
e2235a67-0d28-418b-8e56-f7e77572953b,scene0207_00,44,trash can,Under the counter are two plastic bins. Find me the taller one.,17,1,3,0,,1,,1,1,,,,,,2,0,,,,1,,,,1,1,1,categorical,1,,,,
98188873-30bc-4012-9ed7-33b7047ac844,scene0207_00,43,recycling bin,Under the counter are two plastic bins. This is not the taller one.,17,1,3,0,,1,,1,1,,,,,,2,0,,,,1,,,,1,1,1,categorical,1,,,,1
298bd008-3eb3-4a66-820a-fadf2ab7d77d,scene0207_00,17,sink,Identify the stainless steel sink.,,1,1,0,,,,,1,,,,,,0,0,,,,,,,,,,,fine-grained,,,,,
91ffe39e-597c-47a7-8e3e-a26672d06fdf,scene0207_00,39,backpack,This is the backpack nearby the two stools and not on the couch.,,1,1,0,,,,1,,,,,,,2,0,1,,,1,,,,,,,fine-grained,1,1,,,1
72e6640b-a1c6-48e9-9246-552ae11ac757,scene0207_00,9,cabinet,"This storage unit is open, exposing its contents frequently used for cooking. It is somewhat far from the fridge.",,1,2,0,,,,,,,1,,,1,1,0,,1,,,,,,,1,,categorical,1,,,,
cdec8ac7-87a7-411f-bbc3-fda4ae4fa966,scene0207_00,54,microwave,This appliance is white and rectangular in shape. It is the last in a row of sundry pots and other cooking implements.,,1,2,0,1,,1,,,,,,,,2,,,,,,,1,1,,1,,categorical,,1,,,
ce4d4e0d-80f0-4bcd-9a60-a147128458e8,scene0207_00,41,stool,This is the farthest stool from the bed.,,1,0,0,,,,,,,,,,,1,0,,1,,,,,,1,,,fine-grained,1,,,,
d84077a8-bef4-43e2-a3ea-8febb8c2cd3d,scene0207_00,41,stool,It is the seat which does not have anything proportionally large on it.,,1,1,0,,1,,,,,,,,,1,0,1,,,1,,,,,,,categorical,,1,,,1
1bb40cb1-c13c-4367-8a7d-280c735178e3,scene0207_00,11,chair,Find the chair with five legs.,,1,0,1,,,,1,,,,,,,1,0,,,,,1,,,,,,fine-grained,,1,,,
a2fc9802-1780-4f53-89b3-fb0aa59b2893,scene0207_00,43,recycling bin,Look under the bar. The container of interest is the only one that is open.,,1,1,0,,,,,,,,,,1,1,0,,,,1,,,,,,1,categorical,1,1,,,
573ae319-fd7b-4668-9be0-e39b58aafc8b,scene0207_00,9,cabinet,"Above the kitchen counter, there are two cabinets. The one of interest is the one that is first from the right.",,1,1,0,,,,1,,,,,,,2,0,,,1,1,,,1,,1,1,fine-grained,1,,,,
dbf472e6-7b23-4c52-bea1-857f17aed0f4,scene0207_00,14,desk,"This is the large, rectangular, wooden thing in the middle of the living area.",,1,3,0,,1,1,,1,,,,,,1,0,,,,,,,1,,,,generic,,,1,,
ab82738f-dccf-442c-9311-a023aa4ad812,scene0207_00,22,ceiling fan,"This large object, not the ceiling, is farthest from the floor in the bedroom.",,1,1,0,,1,,,,,,,,,2,0,,1,,,1,,,,,,generic,1,,1,,1
b7e54825-a428-42e2-9048-0d35fbc077bc,scene0207_00,52,vacuum cleaner,This is the one appliance in the kitchen on the ground which is not box-like in shape.,,1,2,0,,,1,1,,,,,,,2,0,1,,,1,1,,,,,,categorical,1,,1,,1
28952ebd-68de-4c0b-ae4b-0de87ba4f618,scene0207_00,8,rack,There are two storage units which do not have doors on them. Pick the one which is higher up.,,1,1,0,,,,1,,,,,,,2,0,,,,1,1,,,1,1,,categorical,,1,,,1
f7855ce4-7477-4864-aa8b-a5ad30456474,scene0208_00,7,bench,This is a hard place that you can sit on while reading books (not including the floor).,18,1,2,0,,,,,,1,1,,,,0,0,,,,,,,,,,,categorical,,,,,1
033d1b12-016e-47a8-a806-0beb28949d26,scene0208_00,,bench,This is a soft place that you can sit on while reading books (not including the floor).,18,1,2,0,,,,,,1,1,,,,0,0,,,,,,,,,,,categorical,,,,,1
3cf09163-c14b-4ca0-9950-905e612c19ab,scene0208_00,8,floor,This is a relatively soft place that you can sit on while reading books.,18,1,2,0,,,,,,1,1,,,,0,0,,,,,,,,,,,categorical,,,,,
58daeee8-371d-4502-b4b4-6539cffaed99,scene0208_00,7,bench,Look for a wooden furniture in the room that is mostly empty.,,1,2,0,,,,,1,,,,,1,1,0,,,,,1,,,,,,categorical,,,1,,
c6e71112-8a69-4691-b43a-564524cf5285,scene0208_00,103,books,"On the shelf along the wall is a collection of books. The shelf runs along the green strip of carpet, and the books are in the second column from the right and the third row from the bottom.",,1,0,1,1,,,,,,,,,,3,2,1,,1,1,,1,1,,,1,fine-grained,1,1,,1,
05d10f32-0585-4614-be7b-251e75351f31,scene0208_00,99,books,"There is a shelf in the corner of the room that is near the green and black lines of carpet. If facing the corner, the shelf on the left has a set of books on the 2nd to bottom row, in the column closest to the corner. Please identify those books.",,1,0,2,1,,,,,,,,,,3,5,1,,1,1,1,1,1,,,1,fine-grained,1,1,1,1,
214cedf4-8dd4-4ee9-9d8f-567a5f3dc232,scene0208_00,16,table,This is the display table of books farthest from the green carpet.,,1,0,1,1,,,,,,,,,,2,0,,1,,,1,,,,,,fine-grained,1,1,,,
0b67e9be-2daa-4683-978d-281aec3b8c0c,scene0208_00,2,bookshelf,"A book called ""The Food Lab"" can be found on this shelf of interest.",,1,1,0,,,,,,,,,1,,1,0,1,,,1,,,,,,1,fine-grained,1,,,,
9d28909c-2ded-4561-a1b8-d08403427dfd,scene0208_00,2,bookshelf,"This shelf displays a book which has ""Magical Creatures"" on it.",,1,1,0,,,,,,,,,1,,1,0,1,,,1,,,,,,,fine-grained,1,,,,
687899a6-7726-4e88-a15d-1ab94f5d7c6a,scene0208_00,11,rack stand,The minimalistic book display has five wheels and can rotate. This one is at the end of a row of other displays on the lighter gray carpet.,19,1,2,2,1,,,1,,,1,1,,,3,0,1,,,1,1,1,1,1,1,,categorical,1,1,,,
91fec815-6222-4de8-b8ee-fcf9a23b0121,scene0208_00,,rack stand,The minimalistic book display has seven wheels and can rotate. This one is at the end of a row of other displays on the lighter gray carpet.,19,1,2,2,1,,,1,,,1,1,,,3,0,1,,,1,1,1,1,1,1,,categorical,1,1,,,
6fe1ace2-1105-4d41-b19c-fcc57f52843a,scene0208_00,3,bookshelf,"This object has a kit on it with the text, ""paper airplanes"".",,1,0,1,,,,,,,,,1,,1,0,1,,,1,,,,,1,,generic,1,,,,
0db79854-87f2-4b4f-8192-a75fc077dd2b,scene0208_00,2,bookshelf,"This shelf has a section header labeling the books as for ""children"".",,1,0,1,,,,,,,,,1,,1,0,,,,,1,,,,,,fine-grained,1,,,,
91f9a46d-db4e-482a-ada5-c8f36aad0a48,scene0208_00,106,bookshelf,This shelf is farthest from the green floor.,,1,0,1,1,,,,,,,,,,1,0,,1,,,,,,,,,fine-grained,1,,,,
de8ad892-a872-493d-adc9-4a4675c4af72,scene0208_00,9,book rack,This fancy rotating display is the one nearest to the orange carpet.,,1,2,1,1,,,,,,1,1,,,1,0,1,,,,,,,1,1,,categorical,1,1,,,
1d7e8778-f479-4949-a200-f54ab2889c6d,scene0221_00,8,bed,"This is a classy queen-size bed, farthest from the door of the hotel room.",,1,2,0,,1,,,,,,1,,,1,1,,1,,,1,,,,,,fine-grained,1,,1,,
efe28f39-604a-454c-a342-d08cc3c6fb28,scene0221_00,6,table,This is the octagonal working surface in the room.,20,1,2,0,,,1,,,,1,,,,1,0,,,,,1,,,,,,categorical,,,1,,
cc78e3a8-f423-4704-a7b7-6d1c99cc310e,scene0221_00,,table,This is the pentagonal working surface in the room.,20,1,2,0,,,1,,,,1,,,,1,0,,,,,1,,,,,,categorical,,,1,,
e28b14a4-7557-468f-863b-e701d9c26044,scene0221_00,10,desk,This is the rectangular working surface in the room. It is the least square of the candidates.,,1,3,0,,,1,,,,1,,,,2,0,,,,,1,,,1,,,categorical,,1,1,,
98857df5-5a72-43b0-b9ab-d76ea299851f,scene0221_00,13,door,What door would I use to enter or exit the hotel room?,,1,1,0,,,,,,,1,,,,0,0,,,,,,,,,,,fine-grained,,,,,
392baf0f-fc7b-4bd7-a6fa-a060436187b3,scene0221_00,4,chair,Farthest from the bathroom is an ergonomic office chair with a flexible fabric.,,1,2,0,,,,,,1,,1,,,1,0,,1,,,,,,,,1,fine-grained,,,1,,
4714eadc-bd33-4f9a-af1c-949e28df9af2,scene0221_00,,chair,Search for the farthest chair from the hotel door. This chair is made of metal and feels cold to the touch.,,1,2,0,,,,,1,1,,,,,1,0,,1,,,,,,,,,fine-grained,1,1,,,
501b2a41-c231-4135-a5fa-807222fc953e,scene0221_00,11,ironing board,Find the object shaped almost like a flat rocket ship. It is has a relatively soft fabric on top to support clothes and metal legs for stability. It is currently folded and hanging on the wall.,,1,4,1,,,1,,1,1,1,,,1,2,0,1,,,,1,,,,1,,generic,1,1,,,
c066d15c-0ea8-400c-ab53-6d79a15767b6,scene0221_00,7,bed,This is the bed not far from the mini fridge.,,1,0,0,,,,,,,,,,,1,0,,1,,,,,,,,,fine-grained,1,,,,1
3c7f0779-7b32-42fe-98d8-4072f194da60,scene0221_00,29,chair,"In the row of chairs and tables against the wall, find the third chair from the left.",,1,0,0,,,,,,,,,,,3,0,1,,1,,,1,1,,,1,fine-grained,,1,,,
9d3990ed-62ef-4956-b357-7fb58586f772,scene0221_00,43,nightstand,There is an table between the two beds.,,1,0,0,,,,,,,,,,,1,0,,,,,,1,,,,,fine-grained,,1,,,
a4ea0d85-1ab7-4a78-b4c5-2f870d9f9b69,scene0222_00,9,fan,"This is a circular, unicolor object which faces one of the beds.",,1,2,1,1,,1,1,,,,,,,1,0,,,1,,,,,,,,generic,,1,,,
a6a755f9-a93b-4726-81ae-b7eb49a5a5e4,scene0222_00,14,desk,"A bottle labeled ""tums"" can be found on this desk.",,1,1,0,,,,,,,,,1,,1,0,1,,,1,,,,,,1,fine-grained,1,,,,
055964de-721d-4847-b193-ca8b291d7c42,scene0222_00,7,chair,"This dormitory-style object is covered by cotton fabrics and in front of a stack of papers with the number, ""150"" in big font.",,1,1,3,,1,,,1,,,1,1,,2,2,1,,1,,1,1,,,,,generic,,1,,,
476f7e98-e7fa-4b29-8e73-2a4caf2e86ad,scene0222_00,14,desk,"This desk has a circular object with the large letters, ""ECF"", on it.",,1,0,3,,1,1,,,,,,1,,1,0,1,,,1,,,,,1,,fine-grained,1,,,,
50273e8e-8b76-492c-8d1e-8debad2f3b64,scene0222_00,16,trash can,Face the wall to the left of the door as you enter. This is the third object from the left against the wall.,,1,0,0,,,,,,,,,,,2,3,1,,1,,,,1,,,1,generic,1,1,,1,
580fa8a5-ad51-4f83-a027-a31ee5350616,scene0222_00,28,window,This window is second from the right.,,1,0,0,,,,,,,,,,,1,0,,,1,,,,1,,,,fine-grained,,1,,,
5c98b0a6-adb5-41a6-9850-7684c901f1ea,scene0222_00,"0,5",bed,"These are all the long, soft places in the room.",,1,2,0,,1,,,,1,,,,,1,0,,,,,1,,,,,,generic,,,1,,
b5dbd31c-bd49-46fa-8488-1d0c65c3f6ca,scene0222_00,"16,17,34",trash can,There are several plastic or fabric containers in the room. These are the most empty ones.,,1,4,0,,,,1,1,,,,,1,2,0,,,,,1,,,1,1,1,categorical,,1,1,,
41b13410-eeeb-44ab-868c-a01e37f88787,scene0222_00,15,laundry hamper,"Excluding the wardrobes, there are several containers in the room. This one has the most soft fabrics in it.",,1,2,1,,,,1,,1,1,,,,3,0,,,,,1,,,1,1,1,categorical,,1,1,,1
1310a249-3345-4254-aae5-d4b95675fcd4,scene0222_00,5,bed,"Look for the box that says ""Irish Springs"" on it. The bed of interest is the one that is closest to the desk supporting that box.",,1,0,1,,,,,,,,,1,,1,1,1,,,1,,,,1,1,1,fine-grained,1,,,,
016ff067-72aa-4135-aabe-08e5e71534b2,scene0222_00,13,desk,This is the messier of the two desks.,,1,1,1,,,,1,,,,,,1,1,0,,,,,,,,1,,,fine-grained,,1,,,
bb8c0c6c-ff9b-41ce-9e34-4a3a9ea24a0c,scene0222_00,7,chair,This is the chair with the soft clothes on it.,21,1,1,0,,,,,,1,,,,,1,0,1,,,1,,,,,1,,fine-grained,,1,,,
e0439902-6b19-4064-9588-e62bb5c3679c,scene0222_00,,chair,This is the chair with the rigid clothes on it.,21,1,1,0,,,,,,1,,,,,1,0,1,,,1,,,,,1,,fine-grained,,1,,,
0561b3e3-a2b4-403a-bbe0-102e5c6de435,scene0222_00,"6,7",chair,"These are the basic, wooden chairs in the room.",22,1,2,0,,,,,1,,,1,,,1,0,,,,,1,,,,,,fine-grained,,,1,,
f692d5b2-49cb-4952-873c-93514ce278e4,scene0222_00,,chair,"These are the fancy, wooden chairs in the room.",22,1,2,0,,,,,1,,,1,,,1,0,,,,,1,,,,,,fine-grained,,,1,,
5113773e-76a1-41cb-b205-9d9c66b56a14,scene0222_00,39,clothes,These are the visible clothes which are most well stored.,,1,2,0,,,,,,,,1,,1,1,0,,,,,,,,1,,,fine-grained,,1,,,
fb226e7e-971b-4886-acae-dda5ab9e8a23,scene0231_00,2,breakfast bar,"This counter has a coupon book with the number ""20%"" on it.",23,1,1,0,,,,,,,,,1,,1,0,1,,,1,,,,,1,,fine-grained,1,,,,
78254456-b6f7-4275-a3ea-9e46327d0b1d,scene0231_00,,breakfast bar,"This counter has a coupon book with the number ""37%"" on it.",23,1,1,0,,,,,,,,,1,,1,0,1,,,1,,,,,1,,fine-grained,1,,,,
5b9d509e-57ba-4110-8bad-933dc3b4e23d,scene0231_00,2,breakfast bar,This is the most cluttered counter in the kitchen.,,1,1,0,,,,,,,,,,1,2,0,,,,,1,,,1,,,fine-grained,,,1,,
86c14217-736b-44e2-af91-d182a33a087c,scene0231_00,"78,79,80","couch,armchair",These are the fancy chairs in the living room that don't have a cylindrical item on them.,,1,1,1,,,1,,,,,1,,,2,0,1,,,1,1,,,,1,,fine-grained,1,,1,,1
8bda9374-4cdc-4ce9-af6f-e262588bf1a8,scene0231_00,48,stove,"From the perspective of the kitchen island, this is the third appliance sweeping from the left.",,1,0,0,,,,,,,,,,,1,1,,,1,,,,1,,,1,categorical,1,1,,1,
420f0d9c-68f7-441b-892a-af8ec121e89a,scene0231_00,61,kitchen cabinets,This is the row of contiguous three cabinets to the right of the oven. This group does not include drawers.,,1,2,0,,,,1,,,,,,1,3,0,,,1,,1,1,,,,,fine-grained,1,1,,1,1
d02b1fa1-9b8b-4459-8f71-80f31cd31a6d,scene0231_00,20,picture,This object has a design with three pandas on it.,,1,2,0,,,,1,,,,1,,,0,0,,,,,,,,,1,,generic,,,,,
996aec32-75d2-4cb4-b724-5b9566c321a7,scene0231_00,80,armchair,"The sofa chair is the one far from the wall with the poster with the words, ""Avalanches"", on it.",,1,0,1,,,,,,,,,1,,1,1,,1,,,1,,,,1,,fine-grained,1,,,,
2957c194-dd54-44eb-887c-78ffb8c4d4aa,scene0231_00,"38,39,41",chair,"Of the four seats in the kitchen, one of them stands out the most. Bring the other three.",,1,2,1,,,,1,,,,1,,,1,1,,,,,1,,,1,1,1,fine-grained,1,,1,,
ed481fa0-8283-4b7e-a7da-77c0fc7aebae,scene0246_00,2,light,This is the fancy chandelier in the room.,24,1,1,0,,,,,,,,1,,,1,0,,,,,1,,,,,,fine-grained,,,1,,
c13c60bf-514d-46a5-ab76-b7f611be3063,scene0246_00,,light,This is the drab chandelier in the room.,24,1,1,0,,,,,,,,1,,,1,0,,,,,1,,,,,,fine-grained,,,1,,
9e3e2a28-5cc7-4b90-8899-2e63f8b10d54,scene0246_00,13,bed,Look for a place to sleep on. It should be very neatly put together.,25,1,2,0,,,,,,,1,,,1,0,0,,,,,,,,,1,,categorical,,,,,
825ff9b7-951c-43ad-b67b-cda227798405,scene0246_00,,bed,Look for a place to sleep on. It should be in a very messy state.,25,1,2,0,,,,,,,1,,,1,0,0,,,,,,,,,1,,categorical,,,,,
a0d1bec8-8e3c-4d0d-9454-a189f857c7bc,scene0246_00,"1,6,15","chair,toilet,stool",Find a hard surface to sit on. Tables and floors do not count.,,1,2,0,,,,,,1,1,,,,1,0,,,,,1,,,,,,categorical,,1,,,1
bc5f27d0-0531-419f-a6f8-a3299adae577,scene0249_00,23,trash can,This thing has a symbol on it with three arrows pointing at each other in a triangular configuration.,,1,1,1,,,1,,,,,,1,,0,0,,,,,,,,,,,generic,,,,,
70836002-810d-4735-857a-4b617a519c6b,scene0249_00,22,folded table,"Where is the folded table, so that we can create more space for people?",,1,2,0,,,,,,,1,,,1,0,0,,,,,,,,,,,fine-grained,,,,,
93d46aae-231e-4b80-8ef3-271303b64902,scene0249_00,,folded table,"This is the table that is not folded up, roughly between the trash can and blue recycling bin.",,1,1,1,1,,,,,,,,,1,1,0,,,,,,1,,,,,fine-grained,,1,,,1
a19ce18f-c839-45d7-9d58-b62dbdd00bbe,scene0251_00,17,table,"If facing the wall with the poster with the words, ""SIGGRAPH"", get all of the tables on your right.",,1,0,1,,,,,,,,,1,,1,2,,,1,,1,,,,,1,fine-grained,1,,,1,
a4149c40-0a61-41ec-a99b-741e39bc4d30,scene0251_00,"8,10",trash can,These are the fullest trash cans far from the two chairs.,,1,1,1,,,,1,,,,,,1,2,0,,1,,,,,,1,,,fine-grained,,1,,,
4b6aae99-0f83-4faa-a226-cc4ffb15b197,scene0251_00,,trash can,"Grab the trash cans near the wall with the number, ""200"" written on one of its posters.",26,1,0,1,,,,,,,,,1,,1,1,1,,,,1,,,,1,,fine-grained,1,1,,,
d1a490fa-c0c3-42d2-9d20-8472c9f040a4,scene0251_00,"8,9,10,11,12",trash can,"Grab the trash cans far from the wall with the number, ""200"" written on one of its posters.",26,1,0,1,,,,,,,,,1,,1,1,,1,,,1,,,,1,,fine-grained,1,1,,,
a7a94852-c6ed-4e80-8776-2452afe81134,scene0251_00,"9,11",trash can,"These are the containers labeled ""cans"".",,1,1,0,,,,,,,,,1,,0,0,,,,,,,,,,,categorical,,,,,
f698557c-ebba-40ee-af00-e2e193833735,scene0251_00,7,chair,"If facing the semicircular table, this is the simple, wooden chair on the right.",27,1,2,1,,,1,,1,,,1,,,1,1,,,1,,,,,,,1,fine-grained,1,,,1,
704170cf-c717-4e29-b530-2c25ff8fda8f,scene0251_00,,chair,"If facing the semicircular table, this is the industrial, wooden chair on the right.",27,1,2,1,,,1,,1,,,1,,,1,1,,,1,,,,,,,1,fine-grained,1,,,1,
387cfebc-fc1f-4def-808c-dd38032b11f1,scene0256_00,3,box,"In the stack of three boxes, this is the third one from the bottom.",,1,0,1,,,,1,,,,,,,1,1,,,,,,1,1,,,1,fine-grained,,1,,,
6722c330-f173-48b3-b48f-ea5bfbb3238a,scene0256_00,"3,4,12",box,"Against the wall, there is a rack, a lamp, and a stack. From the left wall, find the second arrangement of objects.",,1,0,0,,,,,,,,,,,2,3,1,,1,,,1,1,,,1,generic,1,1,,1,
14777ed6-9a63-4948-8825-47385b37d7ae,scene0256_00,11,clothing rack,"Against the wall, there is a rack, a lamp, and a stack. Find the tallest of the three.",,1,1,1,,1,,1,,,,,,,2,0,1,,,,,,,1,,1,generic,1,1,,,
42ab4274-510f-4b43-817f-3a083c890eb3,scene0256_00,"3,4,12",box,This is the set of plastic storage units far from the table.,28,1,1,0,,,,,1,,,,,,2,0,,1,,,,1,,,,,categorical,1,,,,
6b4d2638-0911-4e58-8fee-09b2e91ce1f7,scene0256_00,,box,This is the set of plastic storage units near the table.,28,1,1,0,,,,,1,,,,,,2,0,1,,,,,1,,,,,categorical,1,,,,
b9cfda2f-1579-434b-bb7f-e53a7db0690f,scene0256_00,6,tray rack,This is the set of three storage units far from the clothing rack.,,1,1,0,,,,1,,,,,,,2,0,,1,,,,1,,,,,categorical,1,,,,
4e932238-ad30-4e26-bd30-9f770ecd5af1,scene0256_00,4,box,Where is the first box from the top in the stack?,,1,0,0,,,,,,,,,,,2,0,,,,,,1,1,,,,fine-grained,,1,,,